,Accuracy,Precision,Recall,F1-Score,ROC-AUC
LogisticRegression,0.62,0.6375,0.5204081632653061,0.5730337078651685,0.6952781112444978
RandomForest,0.94,0.93,0.9489795918367347,0.9393939393939394,0.9705882352941176
